adult,backdrop_path,genre_ids,id,title,original_language,original_title,overview,popularity,poster_path,release_date,softcore,video,vote_average,vote_count
False,/96chPcURxg5thGyLqxO6otyxHFR.jpg,"[28, 35, 12, 80]",1169516,Welcome to the Jungle,hi,Welcome to the Jungle,"A group of quirky characters gets stuck in a dangerous jungle during a chaotic mission. Filled with confusion, criminals, and hilarious situations, they must work together to survive and find their way out.",1112.1374,/1JlfUuvvX5xLP2LIDah4JhWUtTx.jpg,2026-06-25,False,False,0.0,0
False,/6tROOVmV5vRymO2g52aR8kWlfoT.jpg,"[10749, 35]",1392469,Cocktail 2,hi,कॉकटेल २,"After a decade together, Diya and Kunal's relationship is shaken when Ally, an old friend, re-enters their lives. What begins as a plan between two women spirals into chaos, triggering hilarious, emotional rollercoaster none of them saw coming.",492.3923,/oIQmtByV1LtEQSwM4EpdLTyoSlM.jpg,2026-06-19,False,False,5.625,16
False,/5lTZyuBTNOfawsfPT8Q0cIg6qAF.jpg,"[27, 53]",1339713,Obsession,en,Obsession,"After breaking the mysterious ""One Wish Willow"" to win his crush's heart, a hopeless romantic finds himself getting exactly what he asked for but soon discovers that some desires come at a dark, sinister price.",487.4195,/bRwnj8WEKBCvmfeUNOukJPwB43K.jpg,2026-05-13,False,False,7.9,1002
False,/ufSwlnECLoUbBjPrFqEQcWBzHwc.jpg,"[10402, 18]",936075,Michael,en,Michael,"The story of Michael Jackson, one of the most influential artists the world has ever known, and his life beyond the music. His journey from the discovery of his extraordinary talent as the lead of the Jackson Five, to the visionary artist whose creative ambition fueled a relentless pursuit to become the biggest entertainer in the world, highlighting both his life off-stage and some of the most iconic performances from his early solo career.",346.6964,/zm0KAbOjlt9eR5y7vDiL2dEOwMl.jpg,2026-04-22,False,False,8.698,3059
False,/qjTqY5coNiz6sVtPng40IzltsoN.jpg,"[16, 10751, 35, 12]",1084244,Toy Story 5,en,Toy Story 5,"When Bonnie receives a Lilypad tablet as a gift and becomes obsessed, Buzz, Woody, Jessie and the rest of the gang's jobs become exponentially harder when they have to go head to head with the all-new threat to playtime.",489.721,/pxG26JdyuiDvJbSoucknaFiLeZD.jpg,2026-06-17,False,False,7.467,332
False,/vk5IwZNS35wh6rNmqB1ns6XuiyI.jpg,"[28, 12, 878]",1081003,Supergirl,en,Supergirl,"When an unexpected and ruthless adversary strikes too close to home, Kara Zor-El, aka Supergirl, reluctantly joins forces with an unlikely companion on an epic, interstellar journey of vengeance and justice.",321.6545,/niSvU02l2BONH9ivubV6K1a5QiK.jpg,2026-06-24,False,False,6.138,174
False,/laR2dpcNpbv83jdlRUNAYPPjH90.jpg,"[28, 14, 12]",931285,Mortal Kombat II,en,Mortal Kombat II,"The fan favorite champions—now joined by Johnny Cage himself—are pitted against one another in the ultimate, no-holds barred, gory battle to defeat the dark rule of Shao Kahn that threatens the very existence of the Earthrealm and its defenders.",267.5039,/hwRdDFIhaEmpRgoki805YvyyjZf.jpg,2026-05-06,False,False,7.981,1694
False,/iYjlQzWbcFIjWe2WifbEPb4kErp.jpg,"[53, 27]",1127384,Deep Water,en,Deep Water,A group of international passengers on a flight from Los Angeles to Shanghai is forced to make an emergency landing in shark-infested waters. The terrified group is forced to work together and overcome their differences if they hope to escape their sinking plane and the frenzy of sharks drawn to the wreckage.,298.9954,/kjcuS7xaRyqRjVaVcH4t0qHshuX.jpg,2026-04-30,False,False,6.146,65
False,/A2tzVTVtnTvpji96IZmleN78KKv.jpg,"[27, 35]",1239134,Bhooth Bangla,hi,भूत बंगला,"A man inherits a palace in rural Mangalpur and plans his sister's wedding there, but strange supernatural events and panicked locals force him to investigate the property's mysterious past.",242.7675,/ArIS4vwUxdhm3j7tsTHmffdfU8W.jpg,2026-04-16,False,False,5.6,40
False,/s6ly8laenkHWlIBRkLSfIuEMLC6.jpg,"[878, 53]",1275779,Disclosure Day,en,Disclosure Day,"A cybersecurity expert becomes a whistleblower after uncovering secrets about aliens, putting him on the run from a corporation. Meanwhile, a meteorologist experiencing strange phenomena joins forces with him to prove there's life beyond our understanding.",421.7161,/3o5YPjDGDTcTDL5ftDA9NwN9dLd.jpg,2026-06-10,False,False,6.693,690
False,/7TJjD2X9GTEqyLVIJKLS85J2V47.jpg,"[53, 28, 80]",28322,Madness,it,Vacanze per un massacro,"An escaped convicted murderer invades the cottage of a man, his wife and the wife's sister, whereupon he proceeds to torment this already dysfunctional trio with rape and violence.",197.8261,/gV0J0Fqw2mYMtQbzb0ruxv9MAeZ.jpg,1980-03-20,False,False,5.1,33
False,/1x9e0qWonw634NhIsRdvnneeqvN.jpg,[10749],1523145,Your Heart Will Be Broken,ru,Твоё сердце будет разбито,"High school student Polina is saved from bullying at her new school and makes a deal with the main bully Bars: he must pretend to be her boyfriend and protect her, and she must do everything he says. During this game, the couple develops real feelings, but her family and classmates have reasons to separate the lovers.",250.5682,/7wIBfBl2gejt6xHxNSK0reVIm7E.jpg,2026-03-26,False,False,7.058,103
False,/t6O6XWelu27BD0OmIDCCufZZT6d.jpg,"[35, 80, 9648, 10751]",1301421,The Sheep Detectives,en,The Sheep Detectives,"George Hardy is a shepherd who reads detective novels to his beloved sheep every night, assuming they can't possibly understand. But when a mysterious incident disrupts life on the farm, the sheep realize they must become the detectives. As they follow the clues and investigate human suspects, they prove that even sheep can be brilliant crime-solvers.",273.4522,/iKy5460GdsoknM8ppmGlJbKxAKa.jpg,2026-04-30,False,False,7.738,399
False,/krhj4Fhb0G3QCmyBtEADxgFFmRX.jpg,"[18, 10749]",11012,Damage,en,Damage,The life of a respected British politician at the height of his career crumbles when he becomes obsessed with his son's lover.,187.6766,/alf3JOPP7EYP0iO24gwe5YfRnqo.jpg,1992-12-02,False,False,6.6,696
False,/emK2hOB6ACiExT0lNLog9lAmMFL.jpg,"[18, 10749]",1226293,Salitan,tl,Salitan,A suspicious wife follows her husband in Bali. She meets a dashing man who captures her heart. She soon wants her husband to really have an affair to alleviate the guilt she is feeling.,236.9562,/rMgG7cWuq9O6zhhLs2CbqIKVA8V.jpg,2024-02-16,False,False,4.4,10
False,/z18AIGSU0vk4Y7LQP37CPSeKZvF.jpg,"[18, 28, 10751, 53]",1515729,Blast,ta,Blast,Follows a family trained to protect the powerless who become the most dangerous obstacle of all.,256.2052,/ho824aZtnBzE6FuJRn2znQCq4qQ.jpg,2026-05-28,False,False,7.2,11
False,/2WU6Y6aonzD6uAaCmNnEFlesxxJ.jpg,"[10749, 35]",614945,Voicemails for Isabelle,en,Voicemails for Isabelle,"A young woman's hilariously confessional voicemails to her late sister are unknowingly redirected to a stranger, who begins to fall in love from afar.",177.7415,/canZTWSxACSnAluir3dCtMxKpA1.jpg,2026-06-20,False,False,8.264,278
False,/4lj7MZtcIDI2FmZXGkFWh0sNCsq.jpg,"[28, 12, 878]",1228710,The Mandalorian and Grogu,en,The Mandalorian and Grogu,"The evil Empire has fallen, and Imperial warlords remain scattered throughout the galaxy. As the fledgling New Republic works to protect everything the Rebellion fought for, they have enlisted the help of legendary Mandalorian bounty hunter Din Djarin and his young apprentice Grogu.",176.917,/5Vi8dSauVwH1HOsiZceDMbRr1Ca.jpg,2026-05-20,False,False,6.685,525
False,/9Z2uDYXqJrlmePznQQJhL6d92Rq.jpg,"[10751, 35, 12, 14, 16]",1226863,The Super Mario Galaxy Movie,en,The Super Mario Galaxy Movie,"Having thwarted Bowser's previous plot to marry Princess Peach, Mario and Luigi now face a fresh threat in Bowser Jr., who is determined to liberate his father from captivity and restore the family legacy. Alongside companions new and old, the brothers travel across the stars to stop the young heir's crusade.",180.9182,/eJGWx219ZcEMVQJhAgMiqo8tYY.jpg,2026-04-01,False,False,8.229,2839
False,/wQOhbCP6H8bO5ddlXDZT207orew.jpg,"[10749, 18]",1477317,Your Fault: London,en,Your Fault: London,"Nick and Noah are both embarking on life-changing adventures that are threatening to pull them apart—Nick in business with his father and Noah starting a fresh chapter at Oxford University. Now living separate lives, and meeting new people, they find themselves entangled in temptations, rivalries, and betrayals and their bond is tested like never before. As secrets unravel and temptation rises, they must fight to hold onto each other—or risk losing everything.",150.3474,/nLxu237EJAisFCYKK48hN9Plobx.jpg,2026-06-17,False,False,7.504,132
False,/dxyNrJ4uG9os6miCG7s754nvKPs.jpg,"[28, 80]",1280738,The Furious,zh,火遮眼,"After Wang Wei's daughter is kidnapped by a criminal network and he receives no help from the corrupt police, Wei sets out to find her himself. His only ally is Navin, a relentless journalist whose wife has mysteriously disappeared. Fueled by a furious vengeance, the unlikely duo ruthlessly battle the kidnappers in this explosive martial arts showdown.",150.6088,/zP19YO60jwEsfKd5Qf1UvA5uJu8.jpg,2026-06-10,False,False,7.685,65
False,/1eAuwNBy34kkM3xkl202z4f1NiI.jpg,"[28, 14]",1367220,Karuppu,ta,கருப்பு,"In a world where justice falters, guardian deity Vettai Karuppu takes the guise of a lawyer to battle a corrupt legal system preying on the powerless.",141.6351,/4KZXlZ5tTT6ghbW77gS4hSLkCd7.jpg,2026-05-14,False,False,6.737,19
False,/oUozq2XHWifwAVOoS1qHU0qfXqM.jpg,"[27, 9648, 878]",1083381,Backrooms,en,Backrooms,A strange doorway appears in the basement of a furniture showroom.,255.827,/rhGx6E3qRNMgj3i5su2oukNHwIQ.jpg,2026-05-27,False,False,6.895,749
False,/zMwhWailP1WY7sb6AoE6b8ugoy.jpg,"[12, 16, 10751, 14]",1007757,Swapped,en,Swapped,"A small woodland creature and a majestic bird, two natural sworn enemies of the Valley, magically trade places and set off on an adventure of a lifetime to switch back. Their journey soon uncovers a greater threat—one that could endanger not only their species, but the entire valley they call home.",141.0472,/tHhxWxge06goXU6ZQH1hj7vK8Hd.jpg,2026-05-01,False,False,8.956,1811
False,/u8DU5fkLoM5tTRukzPC31oGPxaQ.jpg,"[878, 12, 14]",83533,Avatar: Fire and Ash,en,Avatar: Fire and Ash,"In the wake of the devastating war against the RDA and the loss of their eldest son, Jake Sully and Neytiri face a new threat on Pandora: the Ash People, a violent and power-hungry Na'vi tribe led by the ruthless Varang. Jake's family must fight for their survival and the future of Pandora in a conflict that pushes them to their emotional and physical limits.",143.6235,/bRBeSHfGHwkEpImlhxPmOcUsaeg.jpg,2025-12-17,False,False,7.602,3580
False,/bdwv8Hsu4Bnz8aRbH5MQ9clQ0DG.jpg,[35],1397385,Little Brother,en,Little Brother,"A tightly wound realtor's picture-perfect life gets an extreme makeover when his lovably chaotic ""little brother"" suddenly reappears.",140.3757,/hIJpXb7Xaje2mebN9ylsS7blQzP.jpg,2026-06-18,False,False,6.4,65
False,/l1nekhf05HS5OpBr0vRqcD3NxoS.jpg,"[36, 80, 28, 14]",1103473,KD – The Devil,kn,ಕೆಡಿ - ದಿ ಡೆವಿಲ್,"In the early 1970s, a petty criminal Kaali unwittingly involves himself with underworld thugs, catalyzing events beyond his control.",140.4151,/nEuEMJrnLBneE9tJlmzbhCFLu95.jpg,2026-04-30,False,False,7.5,2
False,/xugEpZk9YQ0DIz1aFvH5HGkqpZK.jpg,"[27, 9648]",1304313,Lee Cronin's The Mummy,en,Lee Cronin's The Mummy,"The young daughter of a journalist disappears into the desert without a trace—eight years later, the broken family is shocked when she is returned to them, as what should be a joyful reunion turns into a living nightmare.",138.254,/1q308iixueCU4pFtSYugNOevtNx.jpg,2026-04-15,False,False,8.022,1989
False,/rHnANzYUmV3WZw3n0yWOLiR3pen.jpg,"[53, 80]",976912,Graphic Desires,en,Graphic Desires,"When reclusive Franklin cheats on his partner with a mysterious girl he meets on a dating app, it becomes the start of a deadly obsession.",137.3781,/3BjLdTWRiHc1ISIZMFvToOmghOM.jpg,2023-08-31,False,False,7.093,108
False,/3Rfvhy1Nl6sSGJwyjb0QiZzZYlB.jpg,"[10751, 35, 16, 12]",862,Toy Story,en,Toy Story,"Led by Woody, Andy's toys live happily in his room until Andy's birthday brings Buzz Lightyear onto the scene. Afraid of losing his place in Andy's heart, Woody plots against Buzz. But when circumstances separate Buzz and Woody from their owner, the duo eventually learns to put aside their differences.",128.2475,/uXDfjJbdP4ijW5hWSBrPrlKpxab.jpg,1995-11-22,False,False,7.978,20034
False,/oPsRr7AfNLw6XaPuMpvkWK0bIUA.jpg,"[28, 18]",1057265,Peddi,te,పెద్ది,"In 1980s rural Andhra Pradesh, a spirited villager unites his community through sports to defend their pride against a powerful rivals.",125.023,/kJAJNNBYlbqAcpTDxBNnaILSMTy.jpg,2026-06-03,False,False,6.029,52
False,/8Tfys3mDZVp4tNoH2ktm06a0Tau.jpg,"[878, 12]",687163,Project Hail Mary,en,Project Hail Mary,"Science teacher Ryland Grace wakes up on a spaceship light years from home with no recollection of who he is or how he got there. As his memory returns, he begins to uncover his mission: solve the riddle of the mysterious substance causing the sun to die out. He must call on his scientific knowledge and unorthodox ideas to save everything on Earth from extinction.",134.8004,/yihdXomYb5kTeSivtFndMy5iDmf.jpg,2026-03-15,False,False,8.688,5424
False,/q62bpQ67qaXY0u6b2wFEnQYIbPd.jpg,"[10751, 35, 16, 12]",301528,Toy Story 4,en,Toy Story 4,"Woody has always been confident about his place in the world, devoted to taking care of his kid—whether that's Andy or Bonnie. But after Bonnie creates a reluctant new toy called ""Forky"", a road trip adventure alongside old and new friends challenges everything Woody believes about loyalty, purpose, and what it truly means to be a toy.",131.9876,/w9kR8qbmQ01HwnvK4alvnQ2ca0L.jpg,2019-06-19,False,False,7.461,10637
False,/qO55CD8tgVL1T4WKn6zYFFiD6lL.jpg,"[28, 18, 80]",1439930,The Punisher: One Last Kill,en,The Punisher: One Last Kill,"As Frank Castle searches for meaning beyond revenge, an unexpected force pulls him back into the fight.",125.4863,/qQclTgLMDvGBuUBFGHRipxkEwWR.jpg,2026-05-12,False,False,8.343,1726
False,/piV2OnzTZCyGBP9JCjlHIgKGlfo.jpg,"[28, 14, 878]",454639,Masters of the Universe,en,Masters of the Universe,"After being separated for 15 years, the Sword of Power leads Prince Adam back to Eternia, where he discovers his home shattered under the fiendish rule of Skeletor. To save his family and his world, Adam must join forces with his closest allies, Teela and Duncan/Man-At-Arms, and embrace his true destiny as He-Man — the most powerful man in the universe.",126.2101,/3YMd9Ogae4rDKLWuAZFuse9xhc5.jpg,2026-06-03,False,False,7.157,318
False,/br4Ra4dRpvR0R7a1zPPkOwGkcky.jpg,"[28, 80, 53]",1582770,Dhurandhar: The Revenge,hi,धुरंधर: द रिवेंज,"As rival gangs, corrupt officials and a ruthless Major Iqbal close in, Hamza's mission for his country spirals into a bloody personal war where the line between patriot and monster disappears in the streets of Lyari.",118.4381,/ptTwQES14pr5c3aZvJg56YlYgb1.jpg,2026-03-18,False,False,7.355,124
False,/qcIKxhqGMIj8uujsSoSMZWr8QqU.jpg,"[28, 53]",1122573,In the Grey,en,In the Grey,"A covert team of elite operatives are living in the shadows. When a ruthless despot steals a billion-dollar fortune, they're sent to take it back—an impossible heist that erupts into a deadly game of strategy, deception and survival.",111.9278,/dQgIcW6Th08kMRf2HBoYWoFE6OD.jpg,2026-05-13,False,False,6.624,275
False,/bWw9PuPH6vFXlezBoHZ6D9XBhQW.jpg,"[10749, 18]",1431068,Main Vaapas Aaunga,hi,मैं वापस आऊंगा,"An elderly man remains haunted by a childhood romance and memories of love lost during the 1947 Partition of India. As he shares his story with his grandson, the past unfolds through memories of migration, longing, and a love that endures across generations.",96.5214,/8n7OeeyAqwmGS81Is2c6Ho65tgW.jpg,2026-06-10,False,False,6.857,7
False,/1RgPyOhN4DRs225BGTlHJqCudII.jpg,"[16, 28, 14]",1311031,Demon Slayer: Kimetsu no Yaiba Infinity Castle,ja,劇場版「鬼滅の刃」無限城編 第一章 猗窩座再来,"The Demon Slayer Corps are drawn into the Infinity Castle, where Tanjiro, Nezuko, and the Hashira face terrifying Upper Rank demons in a desperate fight as the final battle against Muzan Kibutsuji begins.",101.7643,/fWVSwgjpT2D78VUh6X8UBd2rorW.jpg,2025-07-18,False,False,7.7,874
False,/3Ckkdh0VTcFPwpBJ6jMAS3qIkgJ.jpg,"[53, 28, 80]",1413976,Citizen Vigilante,en,Citizen Vigilante,"A man takes justice into his own hands, hunting down criminals. His vigilante crusade makes him a social media star but puts him at odds with the local police chief.",103.9019,/6LmJD3Wohe0g4U62wgi7RyJqfE4.jpg,2026-06-19,False,False,7.0,85
False,/u53UYu5XG2hNgWGvs3xGhAVzypl.jpg,"[12, 16, 35, 10751, 878]",1327819,Hoppers,en,Hoppers,"Scientists have discovered how to 'hop' human consciousness into lifelike robotic animals, allowing people to communicate with animals as animals. Animal lover Mabel seizes an opportunity to use the technology, uncovering mysteries within the animal world beyond anything she could have imagined.",101.8301,/xjtWQ2CL1mpmMNwuU5HeS4Iuwuu.jpg,2026-03-04,False,False,8.193,1742
False,/l5QgEvlfK6eHPM4YPEk7AArXmh8.jpg,"[10749, 35]",1308553,Hai Jawani Toh Ishq Hona Hai,hi,है जवानी तो इश्क होना है,"When Jass leaves his marriage over conflicting priorities, a new romance abroad is upended by shocking revelations, forcing him to confront love, loyalty, and the true meaning of commitment.",91.3167,/vmlJvz6qVzYgei2V74GvnmcuQfW.jpg,2026-06-04,False,False,5.5,20
False,,[10749],479787,Lost Youth,ko,버려진 청춘,,97.1043,/2ty3Bx6ENkZlorh6NP6jzNcEUtL.jpg,1982-09-24,False,False,0.0,0
False,/wVg11RahrRfghgqViuoJgcJL1iM.jpg,[35],264980,Loves of a French Pussycat,de,Das Mädchen mit der heißen Masche,"Rolf, a sex-advice columnist and a lecher, has affairs with numerous women, but never a permanent relationship. Suzanne, one of his ex-lovers, offers to bet that no woman can get Rolf to propose marriage, a bet her girlfriend Andrea eagerly accepts. But there's a catch: To win the bet, Andrea must get the womanizing Rolf to commit to marriage without first going to bed with him.",71.3553,/1WGq9cMuj09tnTJ5wdkINOJff04.jpg,1972-03-09,False,False,4.2,9
False,/sS3zGYFPcfM5pArVNWl6qLyaSmU.jpg,"[28, 12, 16, 14]",980431,Avatar Aang: The Last Airbender,en,Avatar Aang: The Last Airbender,"Avatar Aang, the world's last Airbender, learns of an ancient power that could save his culture from extinction. With the help of his friends, he embarks on a global quest to find it before it falls into the wrong hands and threatens to upend the peace they sacrificed everything to achieve.",105.7293,/29Jdsak3SrwGds5k1t43kH6Khed.jpg,2026-10-09,False,False,0.0,0
False,/2pA5fvLPZGYR5OukwiRCeliHvNM.jpg,"[28, 53, 18]",1227241,Maa Inti Bangaram,te,మా ఇంటి బంగారం,"Through both her moments of fear and bravery, a woman discovers that embracing her vulnerabilities is as vital to her inner strength as facing challenges head-on.",87.6661,/n7X5JZLzqzUxwdn9Mwx9cegEnBv.jpg,2026-06-18,False,False,6.3,3
False,/zfbjgQE1uSd9wiPTX4VzsLi0rGG.jpg,"[18, 80]",278,The Shawshank Redemption,en,The Shawshank Redemption,"Imprisoned in the 1940s for the double murder of his wife and her lover, upstanding banker Andy Dufresne begins a new life at the Shawshank prison, where he puts his accounting skills to work for an amoral warden. During his long stretch in prison, Dufresne comes to be admired by the other inmates -- including an older prisoner named Red -- for his integrity and unquenchable sense of hope.",107.2232,/9cqNxx0GxF0bflZmeSMuL5tnGzr.jpg,1994-09-23,False,False,8.723,30636
False,/xWBiXclrRmTggQHMRsIn84YHavs.jpg,"[35, 27]",1273221,Scary Movie,en,Scary Movie,"Twenty-six years after outrunning a suspiciously familiar masked killer, the Core Four are back in the killer's crosshairs and no horror movie IP is safe.",192.3462,/reZ8NInXjMkkaOpUHcI3Pn7iaRN.jpg,2026-06-03,False,False,5.543,362
False,/kEiQORCwEXSeoG4SK0e4sezHboJ.jpg,"[35, 28]",1451344,Husbands in Action,ko,남편들,A detective teams up with his ex-wife's new husband to chase down her kidnappers. Can this unlikely duo put aside their differences for one wild rescue?,75.861,/rdmXkKPjGw43u4wp3aod4aIPiH.jpg,2026-06-15,False,False,7.462,53
False,/dd31qJxOarrHyGZwYsCzOjobQzP.jpg,"[28, 53]",1380291,Tom Clancy's Jack Ryan: Ghost War,en,Tom Clancy's Jack Ryan: Ghost War,"Jack Ryan is reluctantly pulled back into espionage when an international covert mission unravels a deadly conspiracy. Racing against time, he joins CIA allies Mike November & James Greer and sharp MI6 officer Emma Marlowe to battle a rogue black-ops unit in a high-stakes, deeply personal fight.",92.441,/8ehYxUh5MWE41AeE9gkHE8DKzvB.jpg,2026-05-20,False,False,7.041,616
False,/4BtL2vvEufDXDP4u6xQjjQ1Y2aT.jpg,"[28, 80, 18, 53]",1419406,The Shadow's Edge,zh,捕风追影,Macau Police brings the tracking expert police officer out of retirement to help catch a dangerous group of professional thieves.,91.107,/cHKo3m8N1fwvEy2ZEr0xGmmMODV.jpg,2025-08-16,False,False,7.809,902
False,/g2aOpyCO1vEyUZURh3V5uaHu187.jpg,"[28, 53]",1288341,Seven Snipers,en,Seven Snipers,"When a former elite sniper is hunted down by the ruthless warlord who once held her captive, she must fight to the death to protect the daughter she has raised in hiding, on a remote Australian farm.",97.1635,/pK6tGCG6UAgUT5FTq3ylGErHxQQ.jpg,2026-04-30,False,False,5.7,38
False,/zyqAhNJqwiop5yUOJ8SHV27labY.jpg,"[28, 53, 878]",949536,Kill Code,en,Kill Code,"North America has been divided into four main quadrants. A power-hungry corporation has taken over the conventional prison system and made criminals the new law enforcers.  The owner of that corporation, nanoscientist Eion Prescott, created a nano-virus called Onyx. Which is distributed through deadly watches to criminals. First, infecting them. Then, forcing them into eliminating each other for freedom. Who can topple the corporation's entire system from within?",92.6417,/bXvSKLCillha6wxY0yxoRCM2WQl.jpg,2026-04-16,False,False,5.5,12
False,/6kheApG5qPsKbiKDxsGpOb6i6i6.jpg,[27],1694978,Chum,en,Chum,"A newlywed couple joins friends on a Mediterranean yacht excursion, only to find themselves caught between a predatory shark and a psychopathic killer in their midst-transforming a sun-drenched escape into a fight for survival.",81.792,/uJOW6pWxJ0i5sji9VXRR6Y1wXyE.jpg,2026-05-27,False,False,4.8,19
False,/62a8bMDftwD9aU0dkXr4eN6Q5q2.jpg,"[99, 10770]",1522126,1000 Men and Me: The Bonnie Blue Story,en,1000 Men and Me: The Bonnie Blue Story,"Adult content creator Bonnie Blue announced that she’d slept with 1057 men in 12 hours. Exploring the polarising debate around Bonnie and the pornification of our society, the film follows her over the most eye-opening six months of her life.",81.3687,/5dcgoyf8nt6Xt4VSR6Nrn6nwhuz.jpg,2025-07-29,False,False,5.2,22
False,/5AsIFZ2AJC7JcGpq40aRPuRuaRc.jpg,[18],1241752,Rita,tl,Rita,"Rita, who finds herself alone when husband Ariel works abroad. They both find solace and sexual satisfaction in other people. When Ariel comes back, they both act like nothing happened. But will this keep their marriage from falling apart?",82.7882,/pXENxAzOBrTSDJGxDcUnlNTNmWr.jpg,2024-03-22,False,False,6.0,24
False,/qY7zVZ7liULhfRoXg4c9Xl83LcR.jpg,[27],1430077,Hokum,en,Hokum,"When novelist Ohm Bauman retreats to a remote inn to scatter his parents' ashes, he is consumed by tales of a witch haunting the honeymoon suite. Disturbing visions and a shocking disappearance forces him to confront dark corners of his past.",77.436,/jKPWwsbAM6HKURPYQ1eG8DmKMKn.jpg,2026-04-29,False,False,6.916,413
False,/kI7JBjvZkqYsLJRhcqTQU1MMdQA.jpg,[35],424711,Poppea's Hot Nights,it,Le calde notti di Poppea,Poppea's Hot Nights (Italian: Le calde notti di Poppea) is a 1969 Italian comedy film set in Ancient Rome. It was written and directed by Guido Malatesta and stars Olga Schoberová (credited as Olinka Berova) and Brad Harris in the main roles.,77.6454,/g1kB4f7aZBJnU2XZILZ8TsyDVVM.jpg,1969-01-01,False,False,4.7,5
False,/osUG3UqNGOJKXIHM2QGNWyKRyCm.jpg,[27],1462591,Hot Line,es,Hot Line,"Malena, a woman who divides her life between two jobs: by night she's a dancer in a cabaret and by day she answers a ""Hot Line,"" an erotic telephone line. However, her routine turns into a nightmare when a serial killer begins calling her, recounting his crimes in chilling detail and announcing that she will be his next victim. This is a clear homage to the Italian Giallo.HoH",73.6404,/aKtKTCmHLoQc9JGr2TehyzL54Yq.jpg,2025-10-28,False,False,10.0,1
False,/vjMvFSmGUxEtqVdaZgvFee9XkZl.jpg,"[878, 28, 12]",969681,Spider-Man: Brand New Day,en,Spider-Man: Brand New Day,Fighting crime full-time as Spider-Man in a world that doesn't remember him—and the pressure of seeing his old friends move on without him—sparks a change in Peter Parker he may not have the power to control. But that transformation might also be the only thing that can stop a shocking new threat to the city and those he loves - a powerful villain no one can even see.,74.2206,/yyB2VJEW3an2xCdcYCPQhn9QERR.jpg,2026-07-29,False,False,0.0,0
False,/xMoXsOgF0hBP7iVj7ZPIrFtTeL3.jpg,"[12, 16, 35, 10751, 14]",1315772,Minions & Monsters,en,Minions & Monsters,"This is the rambunctious, ridiculous and totally true story of how the Minions conquered Hollywood, became movie stars, lost everything, unleashed monsters onto the world and then banded together to try and save the planet from the mayhem they had just created.",79.0398,/nz7i42yhLIJ4ve9JKgM6NthoLHO.jpg,2026-06-24,False,False,7.0,15
False,/lgotja3xMoJZbynwHfcQcJAEMWH.jpg,"[16, 12, 35, 9648, 10751]",1084242,Zootopia 2,en,Zootopia 2,"After cracking the biggest case in Zootopia's history, rookie cops Judy Hopps and Nick Wilde find themselves on the twisting trail of a great mystery when Gary De'Snake arrives and turns the animal metropolis upside down. To crack the case, Judy and Nick must go undercover to unexpected new parts of town, where their growing partnership is tested like never before.",76.3652,/oJ7g2CifqpStmoYQyaLQgEU32qO.jpg,2025-11-26,False,False,7.672,3000
False,/2VnevJhCTE8bwpkn37JAkceSW5i.jpg,[18],1438392,Euphoria,te,యుఫోరియా,A young woman and her family seek justice after she is raped by a group of young men who come from powerful and influential backgrounds.,63.4397,/8URM569W1ETAeGd33CPkrc6KF1O.jpg,2026-02-06,False,False,3.75,2
False,,[10749],920728,We Want Now,ko,우리 지금 할래,"A man who protects the island and his woman, Soo-hee, live on a remote island that is nothing more than an uninhabited island. And Bok-soon, who lost her mind after being abandoned by the man she loved. This is an island where only three people live, even if they die. Then one day, a photographer who seems to be holding something secret comes to the island. However, the man who guards the island misunderstands the visitor and kills him because of it. Bok-soon, who loved the dead photographer, commits suicide upon seeing the photographer's death. A man who has gone mad after killing someone hears a story from Soo-hee, who lives with him, and only later finds out all the secrets...",74.8215,/mQ95TSIl1QqNWCMQs1lTRgZUWT8.jpg,2016-04-20,False,False,0.0,0
False,/a6VXgWVWjSvUq0UsCPSgUQko4CQ.jpg,"[27, 10749, 53]",1486860,Haunted 3D: Echoes of the Past,hi,Haunted 3D: Echoes of the Past,"A man seeks refuge in a remote Indian mountain mansion, fleeing his past. He discovers the house harbors sinister secrets, pain, and terror ready to torment him.",65.3674,/tSmAFNckiqcKg7aFgjCFnhNqNbP.jpg,2026-06-12,False,False,10.0,1
False,/2ssWTSVklAEc98frZUQhgtGHx7s.jpg,"[12, 18, 878]",157336,Interstellar,en,Interstellar,The adventures of a group of explorers who make use of a newly discovered wormhole to surpass the limitations on human space travel and conquer the vast distances involved in an interstellar voyage.,69.1348,/yQvGrMoipbRoddT0ZR8tPoR7NfX.jpg,2014-11-05,False,False,8.479,40118
False,/dpHoPHMSMkFZWt44FGkpEZ61Ptd.jpg,"[80, 18, 10402, 53]",1340206,Tuner,en,Tuner,"A gifted piano tuner's meticulous skills for tuning pianos lead him to discover an unexpected aptitude for cracking safes, turning his life upside down.",67.05,/5OvA3i9wZs5jHu0DCrfmXlzAM67.jpg,2026-05-21,False,False,7.2,105
False,/9nzfyiYbmTUXWC4B2kwjl4NAlqO.jpg,"[28, 53]",1318447,Apex,en,Apex,A grieving woman pushing her limits on a solo adventure in the Australian wild is ensnared in a twisted game with a cunning killer who thinks she's prey.,65.9018,/eTp7gSPkSF3Aw79mNx1NkBP1PZT.jpg,2026-04-24,False,False,6.823,1534
False,/A7BiqPOKvGNalAZhFn1WfSeG9aO.jpg,"[27, 9648, 53, 10770]",137051,Midnight Matinee,en,Midnight Matinee,"Even though a devastating murder took place during a small town's horror film festival two years earlier, townspeople want another festival.",67.0567,/czam6wq46B9UCZvq85vicElckFq.jpg,1988-10-12,False,False,5.4,7
False,/efIliFJKKKALLO31pxLq3WqguC7.jpg,"[18, 27, 9648]",1219739,Heresy,nl,Witte Wieven,"In a medieval Dutch village, a young woman is caught between her faith, fanatic townsfolk and the dark forces lurking in the woods.",59.8211,/gGStwXLjGe9WaodCCgeVwkDDwS3.jpg,2024-01-25,False,False,6.2,26
False,/tq3h43fZy0H80vzf47MAY7R9Mxo.jpg,"[16, 35, 10751]",1297842,GOAT,en,GOAT,"A small goat with big dreams gets a once-in-a-lifetime shot to join the pros and play roarball, a high-intensity, co-ed, full-contact sport dominated by the fastest, fiercest animals in the world.",61.1014,/wfuqMlaExcoYiUEvKfVpUTt1v4u.jpg,2026-02-11,False,False,8.117,847
False,,"[53, 27]",1359685,El mal,es,El mal,"“El mal is basically a suspense story, where the audience senses that something disturbing is going to happen, but doesn't know how or when. But it also aims to get the viewer to question their own certainties, their capacity to love and to accept their own dark side.”",75.6367,/fZWqXuy6UAgnc9ySFyZhXaB2DoR.jpg,2026-01-16,False,False,0.0,0
False,/4DfxcN4w0FuYZHQ3JAHzpHWia1U.jpg,"[28, 80, 53]",1291608,Dhurandhar,hi,धुरंधर,"A mysterious traveler slips into the heart of Karachi's underbelly and rises through its ranks with lethal precision, only to tear the notorious ISI-Underworld nexus apart from within.",59.6577,/snBOuXDdhmTvlzMUvP9Em3Pp1u1.jpg,2025-12-05,False,False,7.274,312
False,/iZLqwEwUViJdSkGVjePGhxYzbDb.jpg,"[878, 53]",755898,War of the Worlds,en,War of the Worlds,"Will Radford is a top analyst for Homeland Security who tracks potential threats through a mass surveillance program, until one day an attack by an unknown entity leads him to question whether the government is hiding something from him... and from the rest of the world.",64.2875,/yvirUYrva23IudARHn3mMGVxWqM.jpg,2025-07-29,False,False,4.096,1017
False,/r5dG1V4P4y84x6ETQkQ5BnZ0iXh.jpg,[35],140638,"Pussycat, Pussycat, I Love You",en,"Pussycat, Pussycat, I Love You",An American playwright living in Rome consults a quack psychiatrist to combat his fears of balding and save his failing marriage.,67.1515,/5NG3iF6mli8QMJYNsbzWxzW04t4.jpg,1970-03-25,False,False,4.5,23
False,/uAfhsySkr1UzQg1zdg3dZQRz9Fd.jpg,"[16, 10751, 35]",10193,Toy Story 3,en,Toy Story 3,"Woody, Buzz, and the rest of Andy's toys haven't been played with in years. With Andy about to go to college, the gang find themselves accidentally left at a nefarious day care center. The toys must band together to escape and return home to Andy.",55.4565,/AbbXspMOwdvwWZgVN0nabZq03Ec.jpg,2010-06-16,False,False,7.81,15840
False,/7iUDfakacY1HpajP1DtHrCuDB95.jpg,"[16, 35, 10751]",863,Toy Story 2,en,Toy Story 2,"Andy heads off to Cowboy Camp, leaving his toys to their own devices. Things shift into high gear when an obsessive toy collector named Al McWhiggen, owner of Al's Toy Barn kidnaps Woody. Andy's toys mount a daring rescue mission, Buzz Lightyear meets his match and Woody has to decide where he and his heart truly belong.",57.0231,/4rbcp3ng8n1MKHjpeqW0L7Fnpzz.jpg,1999-10-30,False,False,7.613,15002
False,/cLFbDVfhllIMybpo2fkGNzehiQG.jpg,"[12, 53, 878]",840464,Greenland 2: Migration,en,Greenland 2: Migration,"Having found the safety of the Greenland bunker after the comet Clarke decimated the Earth, the Garrity family must now risk everything to embark on a perilous journey across the wasteland of Europe to find a new home.",54.0426,/z2tqCJLsw6uEJ8nJV8BsQXGa3dr.jpg,2026-01-07,False,False,6.435,1249
False,/1N5yz1IDw6Ci8le1YgeM6xtBijA.jpg,"[10749, 35]",1358005,Office Romance,en,Office Romance,"Jackie, President and CEO of Air Cruz, runs a tight ship in her business, including a rigid anti-fraternization policy for all her employees. When a new sexy lawyer begins working for her, that policy becomes very tested.",57.3622,/1HRUTqEVDmJC4L6tp6zd85MI6uH.jpg,2026-06-04,False,False,6.512,259
False,/zTnAnYIn0Iv3cn0ZHlzLhou3ybm.jpg,"[9648, 53]",1368166,The Housemaid,en,The Housemaid,"Trying to escape her past, Millie Calloway accepts a job as a live-in housemaid for the wealthy Nina and Andrew Winchester. But what begins as a dream job quickly unravels into something far more dangerous—a sexy, seductive game of secrets, scandal, and power.",52.113,/cWsBscZzwu5brg9YjNkGewRUvJX.jpg,2025-12-18,False,False,7.266,2505
False,/cfT29Im5VDvjE0RpyKOSdCKZal7.jpg,"[28, 80, 53]",155,The Dark Knight,en,The Dark Knight,"Batman raises the stakes in his war on crime. With the help of Lt. Jim Gordon and District Attorney Harvey Dent, Batman sets out to dismantle the remaining criminal organizations that plague the streets. The partnership proves to be effective, but they soon find themselves prey to a reign of chaos unleashed by a rising criminal mastermind known to the terrified citizens of Gotham as the Joker.",48.9774,/qJ2tW6WMUDux911r6m7haRef0WH.jpg,2008-07-16,False,False,8.531,35966
False,/mDfJG3LC3Dqb67AZ52x3Z0jU0uB.jpg,"[12, 28, 878]",299536,Avengers: Infinity War,en,Avengers: Infinity War,"As the Avengers and their allies have continued to protect the world from threats too large for any one hero to handle, a new danger has emerged from the cosmic shadows: Thanos. A despot of intergalactic infamy, his goal is to collect all six Infinity Stones, artifacts of unimaginable power, and use them to inflict his twisted will on all of reality. Everything the Avengers have fought for has led up to this moment - the fate of Earth and existence itself has never been more uncertain.",56.9694,/7WsyChQLEftFiDOVTGkv3hFpyyt.jpg,2018-04-25,False,False,8.237,32167
False,/AeK2MPOpYrOOgZNfFnfwp0L8tNn.jpg,"[28, 12, 878]",634649,Spider-Man: No Way Home,en,Spider-Man: No Way Home,"Peter Parker is unmasked and no longer able to separate his normal life from the high-stakes of being a super-hero. When he asks for help from Doctor Strange the stakes become even more dangerous, forcing him to discover what it truly means to be Spider-Man.",50.752,/1g0dhYtq4irTY1GPXvft6k4YLjm.jpg,2021-12-15,False,False,7.934,22118
False,/gkh6Nt8DtY1XT4gQsyFq9XAVJlJ.jpg,"[18, 35]",350,The Devil Wears Prada,en,The Devil Wears Prada,"A young woman from the Midwest gets more than she bargained for when she moves to New York to become a writer and ends up as the assistant to the tyrannical, larger-than-life editor-in-chief of a major fashion magazine.",52.4307,/8912AsVuS7Sj915apArUFbv6F9L.jpg,2006-06-29,False,False,7.435,13786
False,/oz4U9eA6ilYf1tyiVuGmkftdLac.jpg,"[18, 10749, 53]",1010581,My Fault,es,Culpa mía,"Noah must leave her city, boyfriend, and friends to move into William Leister's mansion, the flashy and wealthy husband of her mother Rafaela. As a proud and independent 17 year old, Noah resists living in a mansion surrounded by luxury. However, it is there where she meets Nick, her new stepbrother, and the clash of their strong personalities becomes evident from the very beginning.",53.002,/w46Vw536HwNnEzOa7J24YH9DPRS.jpg,2023-06-08,False,False,7.733,4107
False,/abQxLSkGxpHyUxRjRXACt8NbiGf.jpg,"[18, 10749]",48650,Room in Rome,es,Habitación en Roma,"A hotel room in the center of Rome serves as the setting for Alba and Natasha, two sexy and recently acquainted women, to have a physical adventure that touches their very souls.",52.3612,/w90ItYf9qagQKVEBr1uFxPomAtf.jpg,2010-05-07,False,False,6.409,835
False,/euUEDjof7fVX2t3nYFvLLN9ADK2.jpg,"[35, 10402, 18]",1284016,Power Ballad,en,Power Ballad,"When Rick, a past-his-prime wedding singer, meets fading boy-band star Danny during a gig, the two bond over music and a late-night jam session. But when Danny turns one of Rick’s songs into the hit that reignites his career, Rick sets out to reclaim the recognition he believes he deserves - even if it means risking everything he cares about.",35.5949,/sGgX2K0SJqw90Ju8TONdhDVwlzT.jpg,2026-05-18,False,False,7.311,37
False,/apfyLCPVFttB8oXcsLJ7q0NSFLx.jpg,"[53, 36, 10752]",1318413,Pressure,en,Pressure,"In the tense 72 hours before D-Day, and the fate of the free world hanging in the balance, General Dwight D. Eisenhower and Captain James Stagg face an impossible choice—launch the largest and most dangerous seaborne invasion in history or risk losing the war altogether.",50.8488,/gFjEggtrejCN79r6SXRjM269OtG.jpg,2026-05-25,False,False,7.617,98
False,/pjlxrd646cBYznHoPBWTzz6FujX.jpg,"[28, 878, 18]",39254,Real Steel,en,Real Steel,"Charlie Kenton is a washed-up fighter who retired from the ring when robots took over the sport. After his robot is trashed, he reluctantly teams up with his estranged son to rebuild and train an unlikely contender.",48.3237,/4GIeI5K5YdDUkR3mNQBoScpSFEf.jpg,2011-09-28,False,False,7.113,9261
False,/l7UYtsMGay7gjHtqJrAI2SZXIWZ.jpg,[27],1245398,True Fear,sv,Äkta skräck,"When two female best friends hosting an online horror-themed history show together decide to make an episode about the site of a 17th century witch hunt, they find themselves seemingly terrorized by evil supernatural forces.",48.052,/8ZZYWJbKVz1g8gCr5Ghm6V7CwYp.jpg,2024-09-06,False,False,6.6,9
False,/9AJ3GcCsUhoVn3czRU4yxVkSsDE.jpg,[99],1202285,Porn,fr,Porn,,53.9377,/rbzySQcXmTvWOaaJAsFDlCjW8eG.jpg,2023-05-16,False,False,7.4,7
False,/tlm8UkiQsitc8rSuIAscQDCnP8d.jpg,"[28, 878]",603,The Matrix,en,The Matrix,"Set in the 22nd century, The Matrix tells the story of a computer hacker who joins a group of underground insurgents fighting the vast and powerful computers who now rule the earth.",52.3798,/dXNAPwY7VrqMAo51EKhhCJfaGb5.jpg,1999-03-31,False,False,8.249,28079
False,/7B72d6f09eIifSgkpCkzwkv8fle.jpg,"[18, 10749]",1002398,Virgin,tl,Donselya,"Iris, an 18-year old virgin marries Joaquin, a rich widower, because of money. However, when he learns that Iris is not really a virgin, their honeymoon turns to a bloodbath.",49.6179,/iVS3ZiPsKy8Hhc5Dipqgrjmoj2b.jpg,2024-10-29,False,False,6.7,23
False,/sRVg5yfJJQ2emGhl6XPYJssilu.jpg,"[80, 53]",912378,Dridam,ml,ദൃഢം,"A police officer arrives at a seemingly peaceful station but faces pressure when human remains are discovered. Given only a week to solve the murder, he must navigate demands from his department and an anxious public seeking swift justice.",39.914,/fXSdAujfiRRW6LqekN4FvFQidh3.jpg,2026-05-08,False,False,5.0,5
False,,[27],687259,Ghost Stories,zh,镜花风月三之螺女挑情,,52.183,/m4ALMhsuqOOUkkABvgQWfrgoL8y.jpg,1982-01-01,False,False,6.2,2
False,/3eUyLEF5M0ky3h6KJsWiWzaakB8.jpg,"[27, 9648, 80]",1159559,Scream 7,en,Scream 7,"When a new Ghostface killer emerges in the quiet town where Sidney Prescott has built a new life, her darkest fears are realized as her daughter becomes the next target. Determined to protect her family, Sidney must face the horrors of her past to put an end to the bloodshed once and for all.",47.3863,/jjyuk0edLiW8vOSnlfwWCCLpbh5.jpg,2026-02-25,False,False,6.191,1084
False,/cfDHxkco8RrslL0Vk2XPTwTVFCe.jpg,"[28, 53]",1472951,Infiltrate,en,Infiltrate,"In a city overrun by crime, government Agent Lily Chen is forced to choose between her duty and her family when her husband is kidnapped, and she’s blackmailed into assassinating high-level criminals to save him. As she delves deeper into the criminal underworld, Lily’s relentless pursuit of justice unravels a web of corruption, leading to a final, life-altering decision that will change her world forever.",46.0768,/8Cw8GF9wG63kF8pRRXwOx2kXGt.jpg,2026-04-10,False,False,5.7,20
False,/1ytf7rzkZ7RLlMnBdGggQ0ENe6z.jpg,"[27, 53]",1418657,The Yeti,en,The Yeti,"When an oil tycoon and a famous adventurer vanish into the harsh winter of remote northern Alaska, a hand-picked rescue team endeavors to bring them home. What they don’t know is that they are trespassing on The Yeti’s territory, and the elements are the least of their worries.",63.6925,/zaqEfoKcWkVni2eONhJ7DRhMO8Q.jpg,2026-04-04,False,False,6.381,59
False,/2hhTw9geBIVGyJeisfVhdoJpdI4.jpg,"[18, 53]",1351908,Bharat Bhhagya Viddhaata,hi,भारत भाग्य विधाता,"Inside Cama Hospital, one of the sites targeted during the 2008 Mumbai terror attacks, nurses, ward boys, cleaners, lift operators, security personnel, and administrative workers keep 400 people alive while armed assailants struck the city around them.",41.5812,/tf5lLrrikOswHKHpzW0UiHycJEx.jpg,2026-06-12,False,False,0.0,0
False,/aqqoDJs8vYp2EZ74aQ1UMY0sjM7.jpg,"[18, 53]",235271,Addicted,en,Addicted,A gallerist risks her family and flourishing career when she enters into an affair with a talented painter and slowly loses control of her life.,45.8209,/fAERrD6vvmznDoL99wlgjhSfPcH.jpg,2014-10-10,False,False,5.91,449
False,/vmdt6nUXYX4mM0Ahcvh4bgHOjUt.jpg,"[28, 18]",1292415,Beast,en,Beast,"MMA legend Patton James, now a commercial fisherman, is pulled back into the cage when his brother is in danger. Reuniting with his old coach Sammy, he commits to one final fight in one championship against the brutal champion Xavier Grau.",45.393,/7NrvUI3vnW8H3rD7ExKcTL7KRcQ.jpg,2026-04-10,False,False,6.254,61
False,/xS8tsJ8IvNkzBMu3kq3gZFReh7j.jpg,[53],1293550,Bandar,hi,बंदर,"TV star Samar's life spirals when his ex Gayatri accuses him of rape after he blocks contact with her. Despite his new relationship with Khushi, he faces arrest and encounters a corrupt justice system.",39.3488,/3TrQUHmnEL2tOYf4KKkXb01BQt2.jpg,2026-06-05,False,False,6.5,2
False,/sb76azrAXr9U13uEQxNP5e3fujY.jpg,"[28, 35, 53]",1390300,Over Your Dead Body,en,Over Your Dead Body,"A dysfunctional couple head to a remote cabin to ""reconnect"", but each has secret intentions to kill the other.",43.5085,/kZCauMzAt9eMAhLMopCqnFw1Q5k.jpg,2026-03-14,False,False,6.547,344
False,/a4rmHZa1YvEi0GxVvAZujXUQSDc.jpg,[53],1699820,Vibeland Chronicles,en,Vibeland Chronicles,"As the events of a modern day Zodiac killer unfold, different stories, characters, and music intertwine within a surreal San Francisco, also known as Vibeland. From underground criminal labyrinths to violent job application simulations to haunted buses after midnight to dancing serial killers, nothing that happens in Vibeland is ordinary.",41.9026,/wPOjoiO9ZrsYociKXLxrvQfILlK.jpg,2026-01-02,False,False,4.0,1
False,/82lM4GJ9uuNvNDOEpxFy77uv4Ak.jpg,"[28, 878, 12]",1242898,Predator: Badlands,en,Predator: Badlands,"Cast out from his clan, a young Predator finds an unlikely ally in a damaged android and embarks on a treacherous journey in search of the ultimate adversary.",45.3547,/pHpq9yNUIo6aDoCXEBzjSolywgz.jpg,2025-11-05,False,False,7.802,3168
False,/h25oHn8FJHaImp8DneBhDJQHOpM.jpg,[99],17073,American Swing,en,American Swing,Chronicles the rise and fall of 1970s New York City nightclub Plato's Retreat.,40.8078,/d4rfQ9lEq0G1yNUOjHEofXlfk0Z.jpg,2009-10-17,False,False,5.1,18
False,/nyW8YdrnSYtmTE9hgrpmGqkKw5b.jpg,[18],1658216,Stepdaddy,tl,Stepdaddy,Emotions and intrigue run high in this titillating taboo family affair. Chloe and Nica are sisters who both find themselves in their own passionate love affairs with their stepdad Carl.,49.3715,/oZxNblisKuDzSUW5g18FERjyJs9.jpg,2026-04-04,False,False,5.3,3
False,/nHxWyy18SvAZ8jJeemtS8k1UNjM.jpg,"[28, 80, 53]",1290821,Shelter,en,Shelter,"A man living in self-imposed exile on a remote island rescues a young girl from a violent storm, setting off a chain of events that forces him out of seclusion to protect her from enemies tied to his past.",52.9583,/buPFnHZ3xQy6vZEHxbHgL1Pc6CR.jpg,2026-01-28,False,False,7.674,1317
False,/xyW8rJO3rwG2EGcTO6eaUEa8b9d.jpg,"[28, 53]",1613798,Vengeance,es,Venganza,"The brutal murder of the wife of “Toro,” a military hero in the special forces, turns him into a man with a single purpose: revenge. After a stroke of fate makes him a millionaire, Carlos transforms his fortune into an arsenal and, together with his closest soldiers, sets out to hunt down those responsible.",45.8073,/ygWXPL0RS91JyJPNOfK34eV3bRE.jpg,2026-02-26,False,False,7.49,262
False,/m5dA4JZsj78EBTa2D6imWOAebwB.jpg,[35],4247,Scary Movie,en,Scary Movie,"A familiar-looking group of teenagers find themselves being stalked by a more-than-vaguely recognizable masked killer! As the victims begin to pile up and the laughs pile on, none of your favorite scary movies escape the razor-sharp satire of this outrageously funny parody!",38.3731,/fVQFPRuw3yWXojYDJvA5EoFjUOY.jpg,2000-07-07,False,False,6.416,7889
False,/suaEOtk1N1sgg2MTM7oZd2cfVp3.jpg,"[53, 80, 35]",680,Pulp Fiction,en,Pulp Fiction,"A burger-loving hit man, his philosophical partner, a drug-addled gangster's moll and a washed-up boxer converge in this sprawling, comedic crime caper. Their adventures unfurl in three stories that ingeniously trip back and forth in time.",41.1348,/vQWk5YBFWF4bZaofAbv0tShwBvQ.jpg,1994-09-10,False,False,8.482,30339
False,/ejdD20cdHNFAYAN2DlqPToXKyzx.jpg,"[18, 80]",238,The Godfather,en,The Godfather,"Spanning the years 1945 to 1955, a chronicle of the fictional Italian-American Corleone crime family. When organized crime family patriarch, Vito Corleone barely survives an attempt on his life, his youngest son, Michael steps in to take care of the would-be killers, launching a campaign of bloody revenge.",42.3442,/3bhkrj58Vtu7enYsRolD1fZdja1.jpg,1972-03-14,False,False,8.687,23082
False,/9BBTo63ANSmhC4e6r62OJFuK2GL.jpg,"[878, 28, 12]",24428,The Avengers,en,The Avengers,"When an unexpected enemy emerges and threatens global safety and security, Nick Fury, director of the international peacekeeping agency known as S.H.I.E.L.D., finds himself in need of a team to pull the world back from the brink of disaster. Spanning the globe, a daring recruitment effort begins!",44.1002,/RYMX2wcKCBAr24UyPD7xwmjaTn.jpg,2012-04-25,False,False,8.048,38520
False,/sDUGZpt9qmzBIqtFKvgnGnfyBpw.jpg,"[80, 9648, 53]",1679791,M4M: Motive for Murder,te,M4M: Motive for Murder,"Hyderabad is on edge as a serial killer stages murders as famous paintings. ACP Krishna and journalist Radha investigate, uncovering links to a student and a principal, racing to stop the next planned killing.",37.5353,/FcoRfDLRwiAcNCd5SmeDIIeea7.jpg,2026-05-07,False,False,0.0,0
False,,[],1480259,太太日記,cn,太太日記,hong kong film,31.1857,,1965-01-01,False,False,0.0,0
False,/uJK0jjJ8QDOQw5lcNBwu059ht4D.jpg,"[18, 10749]",1294203,My Fault: London,en,My Fault: London,"18-year-old Noah moves from America to London, with her mother who's recently fallen in love with William, a wealthy British businessman. Noah meets William’s son, bad-boy Nick, and soon discovers there is an attraction between them neither can avoid. As Noah spends the summer adjusting to her new life, her devastating past will catch up with her while falling in love for the first time.",39.3147,/ttN5D6GKOwKWHmCzDGctAvaNMAi.jpg,2025-02-12,False,False,7.384,589
False,/jDvxsBemt2Iyslg7qn2WMzgxz23.jpg,"[28, 53, 27]",1375646,Colony,ko,군체,"Professor Se-jeong is thrust into a bloody nightmare when a rapidly mutating virus is released during a biotech conference causing authorities to seal the facility. Trapped inside with no escape, Se-jeong along with a small group of survivors must fight to stay alive while the infected undergo horrific transformations.",42.1842,/tN799oUR0f1gUKDYdMNrDaY7I51.jpg,2026-05-21,False,False,6.979,72
False,/6d3z1PvNeRPla0gwpTWU4q8OOts.jpg,[35],5082,The Traveling Companion,it,La compagna di viaggio,A  ruined noble decides to organize a robbery on a luxury train. He decides to get help from a busty starlet that should distract passengers ...,40.8372,/12lRiKQJXG2ldB8qJPmjHTxeK9w.jpg,1981-01-03,False,False,4.682,11
False,/wRWEA3TeGGyocIPKFiTDzPK3HfN.jpg,[18],405871,On the Beach,ja,令嬢肉奴隷,"In a summer in Shonan village, Sumiko is the daughter of an important upper-class Shikishima family, she loves to paint pictures, is going through a cooling-off of an arranged marriage that did not work out. However, she feels attraction for Nishina a rough and obscene man ...  On the other hand, the younger sister, Naomi Sumiko is envious of her sister for her beauty. Naomi feels ugly since all men seem to like Sumiko. Both sisters then become embroiled in a major problem in discovering the real intentions of Nishina, a man who hides behind a mask to rape women.",56.4449,/ksl1d50FUHaqNuNnmHSNdPrYyYl.jpg,1985-08-24,False,False,5.6,21
False,/eGX66zonvc4bXg3rM08RUxdYSDx.jpg,"[878, 12, 28]",1061474,Superman,en,Superman,"Superman, a journalist in Metropolis, embarks on a journey to reconcile his Kryptonian heritage with his human upbringing as Clark Kent.",41.875,/ldyfo0BKmz5rWtJJKCvwaNS4cJT.jpg,2025-07-09,False,False,7.339,4937
False,/ekFr4AyEpwyIHK1R3VOYDXN2PqL.jpg,"[27, 10749]",1564614,Leviticus,en,Leviticus,Two teenage boys must escape a violent entity that takes the form of the person they desire most — each other.,39.8512,/cu0XnXLzJGPeI0msCoJKgnEecKz.jpg,2026-06-17,False,False,7.3,22
False,/kKF4gEiBDArhONlCcunHVgBp3bA.jpg,"[80, 53]",1171145,Crime 101,en,Crime 101,"When an elusive thief whose high-stakes heists unfold along the iconic 101 freeway in Los Angeles eyes the score of a lifetime, with hopes of this being his final job, his path collides with a disillusioned insurance broker who is facing her own crossroads. Determined to crack the case, a relentless detective closes in on the operation, raising the stakes even higher.",40.0213,/tVvpFIoteRHNnoZMhdnwIVwJpCA.jpg,2026-02-11,False,False,7.0,1111
False,/m3Pom6pbD51bBv3syz8NMHda3fz.jpg,"[12, 28, 14]",1368337,The Odyssey,en,The Odyssey,"Odysseus, the legendary King of Ithaca, embarks on a long and perilous journey home following the Trojan War. Throughout his voyage, he is forced to confront the whims of gods, mythological monsters, and trials that stretch both his cunning and his humanity to the breaking point.",39.6336,/krVa7rKCQb4OBfsr2LTJv4rTz5q.jpg,2026-07-15,False,False,0.0,0
False,/2u7zbn8EudG6kLlBzUYqP8RyFU4.jpg,"[12, 14, 28]",122,The Lord of the Rings: The Return of the King,en,The Lord of the Rings: The Return of the King,"As armies mass for a final battle that will decide the fate of the world--and powerful, ancient forces of Light and Dark compete to determine the outcome--one member of the Fellowship of the Ring is revealed as the noble heir to the throne of the Kings of Men. Yet, the sole hope for triumph over evil lies with a brave hobbit, Frodo, who, accompanied by his loyal friend Sam and the hideous, wretched Gollum, ventures deep into the very dark heart of Mordor on his seemingly impossible quest to destroy the Ring of Power.​",41.8788,/rCzpDGLbOoPwLjy3OAm5NUPOTrC.jpg,2003-12-17,False,False,8.5,26709
False,/wHwoA0K8GO5vTcOSro8viyfxf6m.jpg,"[28, 12]",1305781,Blades of the Guardians,zh,镖人：风起大漠,"Dao Ma, the ""second most wanted fugitive,"" is entrusted by his benefactor, the chief of Mo family clan, to take on a mysterious escort mission-escorting the ""most wanted fugitive"" to Chang'an.",37.7135,/4QZwryGm8l7N5XdEjPchNPl0BV7.jpg,2026-02-17,False,False,7.0,73
False,/fZ5AD2CpUPSk0wRkxz1j6kp5bdG.jpg,"[27, 80, 18]",1543151,King Kaew,th,กิ่งแก้ว,"After a child in her care dies, a young woman is executed for a crime she didn't commit. Now, her spirit seeks justice for her wrongful death.",52.2629,/pPdHuTs4RAdxs0yaXnlxl1AM3f1.jpg,2026-01-29,False,False,2.5,2
False,/be5SIsRGMckO8tU9lrLcIik70Dy.jpg,"[27, 14, 10749]",1246049,Dracula,fr,Dracula,"In late 15th-century Eastern Europe, Prince Vlad II’s bride is brutally murdered. As a result, he renounces God and damns Heaven itself. Cursed with eternal life, Vlad is reborn as Dracula, an immortal warlord who defies fate in a blood-soaked crusade to wrench his lost love back from death.",38.5557,/dYRqA50yd0nB3qBR7AtWEJJQ8q.jpg,2025-07-30,False,False,7.177,1294
False,/6yeVcxFR0j08vlv2OlL6zbewm4D.jpg,"[28, 878, 53]",1265609,War Machine,en,War Machine,"On one last grueling mission during Army Ranger training, a combat engineer must lead his unit in a fight against a giant otherworldly killing machine.",40.7824,/rFhKkXhk7ClU03jQ5rHIApJDwev.jpg,2026-02-12,False,False,7.408,1979
False,/efIhQiHcgAvHyq8nwSlfJNPpoaH.jpg,[27],1536233,The Summoning of Baby Blue,en,The Summoning of Baby Blue,A babysitting gig becomes a nightmare of urban legend when three teens summon Baby Blue. Survival depends on uncovering the past to escape a mother’s wrath from beyond the grave.,33.7429,/fDyjVv5ryBYDiE1sN9mbBbZycBL.jpg,2025-10-15,False,False,4.8,25
False,/vsgprE5Esxj06j6SPKjMN5CL5oM.jpg,[35],222517,Snow White and 7 Wise Men,it,Biancaneve & Co...,The king and the queen conceive Snow White during a sexual relationship in the snow.,29.4686,/yMiM9Zg9JuNy9k1Q7wsyEpwTSQR.jpg,1982-04-03,False,False,4.7,17
False,/6pb3DTtHYh6ChqsmX9yFEX9GXVt.jpg,"[18, 80]",1020047,In the Hand of Dante,en,In the Hand of Dante,"A Vatican priest discovers Dante's original Divine Comedy manuscript. When asked to authenticate it, writer Nick Tosches steals it, while a parallel story follows Dante's quest to create his masterpiece.",38.3281,/nPPIufTBnzEg0d7NoR5RLL1oPra.jpg,2026-06-12,False,False,5.1,21
False,/7QirCB1o80NEFpQGlQRZerZbQEp.jpg,"[10749, 18]",1156594,Our Fault,es,Culpa nuestra,"Jenna and Lion's wedding brings about the long-awaited reunion between Noah and Nick after their breakup. Nick's inability to forgive Noah stands as an insurmountable barrier. He, heir to his grandfather's businesses, and she, starting her professional life, resist fueling a flame that's still alive. But now that their paths have crossed again, will love be stronger than resentment?",36.0336,/yzqHt4m1SeY9FbPrfZ0C2Hi9x1s.jpg,2025-10-15,False,False,7.376,696
False,/hO2jx1H3XafR7Y8QbFgVH1sHTY9.jpg,"[27, 53, 35]",1198994,Send Help,en,Send Help,"Two colleagues become stranded on a deserted island, the only survivors of a plane crash. On the island, they must overcome past grievances and work together to survive, but ultimately, it's a battle of wills and wits to make it out alive.",39.5602,/zbJWVHOtj3ljBzWgL1P8pxP03Up.jpg,2026-01-22,False,False,7.038,1839
False,/9ywA15OAiwjSTvg3cBs9B7kOCBF.jpg,"[18, 10749]",337167,Fifty Shades Freed,en,Fifty Shades Freed,"Believing they have left behind shadowy figures from their past, newlyweds Christian and Ana fully embrace an inextricable connection and shared life of luxury. But just as she steps into her role as Mrs. Grey and he relaxes into an unfamiliar stability, new threats could jeopardize their happy ending before it even begins.",38.9799,/jjPJ4s3DWZZvI4vw8Xfi4Vqa1Q8.jpg,2018-01-17,False,False,6.671,8372
False,/vP7YFt9pP8NPCg4PMBAHO5ILdrQ.jpg,"[28, 53]",44980,Zero Woman 2,ja,Zero WOMAN ＩＩ　警視庁０課の女,"When a valuable suitcase is stolen, the mob, petty criminals, and a beautiful agent from the Elite Zero division are pulled into a battle to settle the score.",36.0233,/sQHeDjwmBQba8E51Mkp5dvgkzeZ.jpg,1995-09-05,False,False,5.0,8
False,/sDu1nL4P9hLV79ZkZkj2ZC1wy2N.jpg,"[28, 18, 80, 53]",208469,XX: Beautiful Weapon,ja,XX ダブルエックス 美しき凶器,"A blind female assassin lives alone in a remote house; her superiors occasionally send her ""clients"" / targets that she shoots right after having sex with them in her completely darkened bedroom.",38.9638,/ckO9ynpyee6KyuefHYXYAtebjpx.jpg,1993-12-22,False,False,8.938,8
False,/dyJvKsNs2KP8qQnAXbRwDjblViy.jpg,"[16, 10751, 14]",129,Spirited Away,ja,千と千尋の神隠し,"A young girl, Chihiro, becomes trapped in a strange new world of spirits. When her parents undergo a mysterious transformation, she must call upon the courage she never knew she had to free her family.",36.0144,/39wmItIWsg5sZMyRUHLkWBcuVCM.jpg,2001-07-20,False,False,8.534,18455
False,/mxdiaM2tsx8M6W3zLgiPwAkhQfq.jpg,"[18, 10749]",744275,After We Fell,en,After We Fell,"Just as Tessa's life begins to become unglued, nothing is what she thought it would be. Not her friends nor her family. The only person that she should be able to rely on is Hardin, who is furious when he discovers the massive secret that she's been keeping. Before Tessa makes the biggest decision of her life, everything changes because of revelations about her family.",36.9493,/dU4HfnTEJDf9KvxGS9hgO7BVeju.jpg,2021-09-01,False,False,7.0,2748
False,/1XAC6RPT01UX9EQGy2JVn5c8pgy.jpg,"[12, 14]",671,Harry Potter and the Philosopher's Stone,en,Harry Potter and the Philosopher's Stone,"Harry Potter has lived under the stairs at his aunt and uncle's house his whole life. But on his 11th birthday, he learns he's a powerful wizard—with a place waiting for him at the Hogwarts School of Witchcraft and Wizardry. As he learns to harness his newfound powers with the help of the school's kindly headmaster, Harry uncovers the truth about his parents' deaths—and about the villain who's to blame.",38.5461,/wuMc08IPKEatf9rnMNXvIDxqP4W.jpg,2001-11-16,False,False,7.899,29693
False,/k24eZq5I3jyz4htPkZCRpnUmBzE.jpg,"[18, 10749]",1156593,Your Fault,es,Culpa tuya,The love between Noah and Nick seems unwavering despite their parents' attempts to separate them. But his job and her entry into college open up their lives to new relationships that will shake the foundations of both their relationship and the Leister family itself.,35.506,/1sQA7lfcF9yUyoLYC0e6Zo3jmxE.jpg,2024-12-26,False,False,7.083,1571
False,/lsFLh0tcvafTom7lADYg4EGtDlY.jpg,"[16, 28, 12]",1599189,剑来院线剧场版 十三之争,zh,剑来院线剧场版 十三之争,,35.0876,/95OnjUQ1mlu7JHvIMcjYL6ah9Ah.jpg,2026-05-01,False,False,0.0,0
False,/aV5YOTVTnO2wYcN2AlNbdgnBYpb.jpg,"[35, 53, 18]",1628448,Maa Behen,hi,माँ बहन,"In this dark comedy, a woman calls her estranged daughters in the middle of the night with chilling news — there's a dead body in her kitchen.",33.5834,/dpQIeEunpgj0C4rngb6OFb4zSd1.jpg,2026-06-04,False,False,6.7,11
False,/xV1EfNSEg6id6juJPr1vM6p9x5X.jpg,"[18, 53, 80]",979,Irreversible,fr,Irréversible,A woman’s lover and her ex-boyfriend take justice into their own hands after she becomes the victim of a rapist. Because some acts can’t be undone. Because man is an animal. Because the desire for vengeance is a natural impulse. Because most crimes remain unpunished.,34.2817,/rxeDxo8FvZpLu6iplNpxdtAVnfu.jpg,2002-05-22,False,False,7.2,3324
False,/uZr793pQJJZJBjUJYrY9EC32jUL.jpg,"[35, 18]",1510767,Athiradi,ml,അതിരടി,"Energetic student Samkutty revives a banned college festival, igniting a fierce rivalry that transforms celebration into chaos.",31.9172,/vbYoC9wmfo2w7EDVXYrnX4PRBWr.jpg,2026-05-14,False,False,7.2,9
False,/rw1WmxUvmbwRsbAX12m6toIg04j.jpg,"[10749, 35, 18]",1325734,The Drama,en,The Drama,A happily engaged couple is put to the test when an unexpected turn sends their wedding week off the rails.,37.6125,/qhGCY6DIemLoCi7x1GuEt98m4JF.jpg,2026-04-01,False,False,6.963,1092
False,,[35],1522333,Carry On Jatta 4,pa,Carry On Jatta 4,"""Carry On Jatta 4"" is the fourth installment of the iconic Punjabi comedy franchise, produced by Humble Motion Pictures, set for release on June 26, 2026. Expect a hilarious rollercoaster of misunderstandings, quirky characters, and laugh-out-loud moments, continuing the legacy of the beloved series.",57.8085,/bKa9qAg71Kkjz0tOT1gxSAX9Nfv.jpg,2026-06-26,False,False,0.0,0
False,/sRvXNDItGlWCqtO3j6wks52FmbD.jpg,"[16, 35, 14, 12, 10751]",808,Shrek,en,Shrek,"It ain't easy bein' green -- especially if you're a likable (albeit smelly) ogre named Shrek. On a mission to retrieve a gorgeous princess from the clutches of a fire-breathing dragon, Shrek teams up with an unlikely compatriot -- a wisecracking donkey.",37.0038,/iB64vpL3dIObOtMZgX3RqdVdQDc.jpg,2001-05-18,False,False,7.8,18855
False,/oiwc338EoBgS4sEI2ixAny4KQKg.jpg,"[12, 14, 28]",120,The Lord of the Rings: The Fellowship of the Ring,en,The Lord of the Rings: The Fellowship of the Ring,"Young hobbit Frodo Baggins, after inheriting a mysterious ring from his uncle Bilbo, must leave his home in order to keep it from falling into the hands of its evil creator. Along the way, a fellowship is formed to protect the ringbearer and make sure that the ring arrives at its final destination: Mt. Doom, the only place where it can be destroyed.",41.7005,/6oom5QYQ2yQTMJIbnvbkBL9cHo6.jpg,2001-12-18,False,False,8.436,27728
False,/z3bzhmC0CPikWeerUkLO73YvGrC.jpg,"[10402, 53, 28, 27]",1084187,Pretty Lethal,en,Pretty Lethal,A troupe of ballerinas find themselves fighting for survival as they attempt to escape from a remote inn after their bus breaks down on the way to a dance competition.,43.0763,/znTPnXCK3lEQJgqXCvP7e5FUz6f.jpg,2026-03-13,False,False,6.769,422
False,/zxi6WQPVc0uQAG5TtLsKvxYHApC.jpg,"[16, 28, 14, 12]",980477,Ne Zha 2,zh,哪吒之魔童闹海,"After a catastrophic event leaves their bodies destroyed, Ne Zha and Ao Bing are granted a fragile second chance at life. As tensions rise between the dragon clans and celestial forces, the two must undergo a series of perilous trials that will test their bond, challenge their identities, and decide the fate of both mortals and immortals.",34.9675,/cb5NyNrqiCNNoDkA8FfxHAtypdG.jpg,2025-01-29,False,False,8.158,731
False,/gfRm3ITRJuFm8n6gRJ0L2VLrL5w.jpg,"[80, 18, 53]",847742,Drishyam 3,ml,ദൃശ്യം 3,"To protect his family and their dark secret, Georgekutty faces an organized new threat. As walls close in and cracks widen, how much more is he willing to sacrifice ?",36.5073,/456FlpiU1iOBnaOxSd783QhZKWw.jpg,2026-05-21,False,False,7.25,10
False,/euUEDjof7fVX2t3nYFvLLN9ADK2.jpg,"[35, 10402, 18]",1284016,Power Ballad,en,Power Ballad,"When Rick, a past-his-prime wedding singer, meets fading boy-band star Danny during a gig, the two bond over music and a late-night jam session. But when Danny turns one of Rick’s songs into the hit that reignites his career, Rick sets out to reclaim the recognition he believes he deserves - even if it means risking everything he cares about.",35.5949,/sGgX2K0SJqw90Ju8TONdhDVwlzT.jpg,2026-05-18,False,False,7.3,38
False,/wCuUKiRaz0wEESsYqmQy005xvTE.jpg,"[35, 53, 18]",496243,Parasite,ko,기생충,"All unemployed, Ki-taek's family takes peculiar interest in the wealthy and glamorous Parks for their livelihood until they get entangled in an unexpected incident.",34.1268,/7IiTTgloJzvGI1TAYymCfbfl3vT.jpg,2019-05-30,False,False,8.493,20783
False,/cOoVcVQ3i1m5b2xtqKBtoTSbxC1.jpg,"[28, 35, 878]",533535,Deadpool & Wolverine,en,Deadpool & Wolverine,"A listless Wade Wilson toils away in civilian life with his days as the morally flexible mercenary, Deadpool, behind him. But when his homeworld faces an existential threat, Wade must reluctantly suit-up again with an even more reluctant Wolverine.",33.5473,/8cdWjvZQUExUUTzyp4t6EDMubfO.jpg,2024-07-24,False,False,7.6,8825
False,/xA6AM5MvEkieZKlv1Tn3sN23I7i.jpg,"[28, 18, 10749]",1630423,My Dearest Assassin,th,เลือดรักนักฆ่า,"Hunted for her rare blood type, a caged woman vows to fight alongside the assassin she loves to protect their future when an old enemy resurfaces.",35.6285,/ul4dQcA68mtSx8J56N5gEcaCCtP.jpg,2026-05-06,False,False,8.639,255
False,/xuesjsDedl4jrdKcFeDmtjP6ZXo.jpg,"[16, 35, 14, 12, 10751]",1117898,The Cat in the Hat,en,The Cat in the Hat,"Doing what he does best, the Cat spreads joy to kids in his hilarious, signature, and singularly irreverent way, transporting them and audiences on a fantastical journey through a world they've never seen before. Our hero takes on his toughest assignment yet for the I.I.I.I. (Institute for the Institution of Imagination and Inspiration, LLC) to cheer up Gabby and Sebastian, a pair of siblings struggling to move to a new town. Known for taking things too far, this could be this agent of chaos' last chance to prove himself...or lose his magical hat!",37.1711,/mWN6knIVJ2o7eGwSm7mOgSCwNUc.jpg,2026-11-05,False,False,0.0,0
False,/7hpjuCnhkzfInT9INo8WDCLYq6s.jpg,"[18, 10749]",927611,Dangerous Relationship: Professor and Female College Student,ko,위험한 관계: 교수와 여대생,"Jin Yi feels skeptical about her accustomed life as a high-class prostitute. The life she wants to run away from. She has a crush on the newly joined boxer Doo San and wants to leave with him, but Doo San decides to stay, contrary to Jin Yi's wishes. On the other hand, Yeon Soo struggled to enter the music school, but continuing her college life alone, she couldn't keep up with her studies and working part-time. A performance wearing a short skirt, ready to give her body to the professor in charge. But the professor in charge doesn't even blink.",36.0802,/3nkTc0zJlzB6oZoOGC89UFm2yW0.jpg,2021-04-01,False,False,6.0,2
False,/2wssSN9oE8kr2pXTKiidcqZrH0A.jpg,"[27, 9648]",1463681,Southern Scares,en,Southern Scares,"Mystery, horror, and Southern folklore collide in the 1990s when a video store worker discovers chilling secrets found in her missing sister's documentary series, Southern Scares.",35.4699,/fxb0FoBH6e5NJwdVKiwjMAQzvcy.jpg,2026-01-10,False,False,4.0,1
False,/Af907x5h9W1wVis8XrSd7ynTWuy.jpg,"[35, 18]",1314481,The Devil Wears Prada 2,en,The Devil Wears Prada 2,"Andy Sachs returns to Runway as Miranda Priestly navigates a new media landscape and Runway's position within. The duo reconnect with former assistant Emily Charlton, now the head of a luxury brand that possesses funding which could ensure Runway's survival.",34.4121,/xTI42pmsP5EDnvsNJPEDubwWBQO.jpg,2026-04-29,False,False,6.549,840
False,/xnHVX37XZEp33hhCbYlQFq7ux1J.jpg,"[18, 10749]",597,Titanic,en,Titanic,"101-year-old Rose DeWitt Bukater tells the story of her life aboard the Titanic, 84 years later. A young Rose boards the ship with her mother and fiancé. Meanwhile, Jack Dawson and Fabrizio De Rossi win third-class tickets aboard the ship. Rose tells the whole story from Titanic's departure through to its death—on its first and last voyage—on April 15, 1912.",31.8083,/9xjZS2rlVxm8SFx8kPC3aIGCOYQ.jpg,1997-12-18,False,False,7.902,27269
False,/7RyHsO4yDXtBv1zUU3mTpHeQ0d5.jpg,"[12, 878, 28]",299534,Avengers: Endgame,en,Avengers: Endgame,"After the devastating events of Avengers: Infinity War, the universe is in ruins due to the efforts of the Mad Titan, Thanos. With the help of remaining allies, the Avengers must assemble once more in order to undo Thanos' actions and restore order to the universe once and for all, no matter what consequences may be in store.",33.5666,/ulzhLuWrPK07P1YkdWQLZnQh1JL.jpg,2019-04-24,False,False,8.237,27910
False,/yw8FhuMvhJSy4zotEuCyk5bZ230.jpg,"[12, 18, 53, 28]",1284465,The Death of Robin Hood,en,The Death of Robin Hood,"Grappling with his past after a life of crime and murder, Robin Hood finds himself gravely injured after a battle he thought would be his last. In the hands of a mysterious woman, he is offered a chance at salvation.",33.3754,/4cD7KeABHyzeJmzdA6QKe36fp2d.jpg,2026-06-18,False,False,6.7,33
False,/hSVVwSFbgPMnrMKLu3hl4RtTKv1.jpg,"[18, 10749]",39688,Like a Brother,fr,Comme un frère,"Sebastien is a small town boy who moves to Paris and begins to explore the gay night life there. When a friend from back home calls to announce he's coming to Paris, Sebastien confronts some unrequited feelings.",40.9792,/tiAKYNJEpMnS8L1nKqEYC5yjm0C.jpg,2005-04-17,False,False,4.2,24
False,/2fuXHiUrCMp100jC6e4k2H222Jn.jpg,"[35, 878, 80]",1227877,I Love Boosters,en,I Love Boosters,A group of shoplifters take aim at a cutthroat fashion maven by stealing from her stores and reselling them at a lower price — what they call 'fashion-forward philanthropy'.,33.3002,/4pNKIUFy7tkZiBx0rnSmG9ysRy.jpg,2026-05-21,False,False,5.865,52
False,/gK9SAt53CA9Cu9M1UToEgEArl9I.jpg,[],1553566,杨门女将之八妹游春,zh,杨门女将之八妹游春,,23.5973,/qFj9NtTMS36EayxIjoIqcpugupW.jpg,2001-11-12,False,False,0.0,0
False,/7IwBgIwoHtkQ0lYGbBbqKintSWx.jpg,"[27, 35, 28]",1292695,They Will Kill You,en,They Will Kill You,"A woman answers a help wanted ad to be a housekeeper in a mysterious New York City high-rise, unaware that she is entering a community that has seen a number of disappearances over the years and may be under the grip of a Satanic cult.",34.114,/nSXCFSvI2p5WLgMrOHACbVnEJSR.jpg,2026-03-25,False,False,7.008,831
False,/8ZTVqvKDQ8emSGUEMjsS4yHAwrp.jpg,"[28, 878, 12]",27205,Inception,en,Inception,"Cobb, a skilled thief who commits corporate espionage by infiltrating the subconscious of his targets is offered a chance to regain his old life as payment for a task considered to be impossible: ""inception"", the implantation of another person's idea into a target's subconscious.",40.2219,/xlaY2zyzMfkhk0HSC5VUwzoZPU1.jpg,2010-07-15,False,False,8.372,39430
False,/vL5LR6WdxWPjLPFRLe133jXWsh5.jpg,"[878, 28, 12]",19995,Avatar,en,Avatar,"In the 22nd century, a paraplegic Marine is dispatched to the moon Pandora on a unique mission, but becomes torn between following orders and protecting an alien civilization.",31.668,/gKY6q7SjCkAU6FqvqWybDYgUKIF.jpg,2009-12-16,False,False,7.607,34109
False,/qU7tNIMpRqkizIObXfkJY3haTqh.jpg,"[18, 10402, 10749]",27,9 Songs,en,9 Songs,"Matt, a young glaciologist, soars across the vast, silent, icebound immensities of the South Pole as he recalls his love affair with Lisa. They meet at a mobbed rock concert in a vast music hall - London's Brixton Academy. They are in bed at night's end. Together, over a period of several months, they pursue a mutual sexual passion whose inevitable stages unfold in counterpoint to nine live-concert songs.",32.7814,/91O7z0vo7MiNWd5xD2BoivwbQsb.jpg,2004-07-16,False,False,5.537,582
False,/c6OLXfKAk5BKeR6broC8pYiCquX.jpg,"[18, 53]",550,Fight Club,en,Fight Club,"A ticking-time-bomb insomniac and a slippery soap salesman channel primal male aggression into a shocking new form of therapy. Their concept catches on, with underground ""fight clubs"" forming in every town, until an eccentric gets in the way and ignites an out-of-control spiral toward oblivion.",34.0383,/jSziioSwPVrOy9Yow3XhWIBDjq1.jpg,1999-10-15,False,False,8.4,32225
False,/mQZJoIhTEkNhCYAqcHrQqhENLdu.jpg,"[10751, 16, 878, 12]",1184918,The Wild Robot,en,The Wild Robot,"After a shipwreck, an intelligent robot called Roz is stranded on an uninhabited island. To survive the harsh environment, Roz bonds with the island's animals and cares for an orphaned baby goose.",34.8036,/eG9lz41mJqsI4J6ubMtVqD26q2J.jpg,2024-09-12,False,False,8.315,6190
False,/oV472EbPedkc5QzqolGc7sCgCnn.jpg,"[27, 28, 53]",1110034,Kraken,no,Kraken,"A marine biologist is doing research on a fish farm when she encounters several strange occurrences. Along with the brutal deaths of two teenagers, all signs point to the deep fjord; can there be more to the depths than the eye can see?",26.5326,/xdZ8k5s8DTwWyPBMIcflrYLgcAK.jpg,2026-02-06,False,False,6.431,175
False,/lkDYN0whyE82mcM20rwtwjbniKF.jpg,"[28, 18]",911430,F1,en,F1,Racing legend Sonny Hayes is coaxed out of retirement to lead a struggling Formula 1 team—and mentor a young hotshot driver—while chasing one more chance at glory.,32.9378,/9PXZIUsSDh4alB80jheWX4fhZmy.jpg,2025-06-25,False,False,7.8,4148
False,/6ELCZlTA5lGUops70hKdB83WJxH.jpg,"[28, 14, 12]",460465,Mortal Kombat,en,Mortal Kombat,"Washed-up MMA fighter Cole Young, unaware of his heritage, and hunted by Emperor Shang Tsung's best warrior, Sub-Zero, seeks out and trains with Earth's greatest champions as he prepares to stand against the enemies of Outworld in a high stakes battle for the universe.",30.1522,/ybrX94xQm8lXYpZAPRmwD9iIbWP.jpg,2021-04-07,False,False,7.049,6830
False,/sDTnMOJ3H5wI38OxObmCtK7wfd5.jpg,"[16, 35, 10751, 14]",585,"Monsters, Inc.",en,"Monsters, Inc.","Lovable Sulley and his wisecracking sidekick Mike Wazowski are the top scare team at Monsters, Inc., the scream-processing factory in Monstropolis. When a little girl named Boo wanders into their world, it's the monsters who are scared silly, and it's up to Sulley and Mike to keep her out of sight and get her back home.",30.9322,/wFSpyMsp7H0ttERbxY7Trlv8xry.jpg,2001-11-01,False,False,7.852,19866
False,/twsxsfao6ZOVvT8LfudH603MMi6.jpg,"[28, 16, 35, 10751, 878]",519182,Despicable Me 4,en,Despicable Me 4,"Gru and Lucy and their girls—Margo, Edith and Agnes—welcome a new member to the Gru family, Gru Jr., who is intent on tormenting his dad. Gru also faces a new nemesis in Maxime Le Mal and his femme fatale girlfriend Valentina, forcing the family to go on the run.",28.3383,/wWba3TaojhK7NdycRhoQpsG0FaH.jpg,2024-06-20,False,False,7.0,3226
False,/w3Bi0wygeFQctn6AqFTwhGNXRwL.jpg,"[14, 10402, 35, 16]",803796,KPop Demon Hunters,en,KPop Demon Hunters,"When K-pop superstars Rumi, Mira and Zoey aren't selling out stadiums, they're using their secret powers to protect their fans from supernatural threats.",38.98,/zT7Lhw3BhJbMkRqm9Zlx2YGMsY0.jpg,2025-06-20,False,False,8.021,2931
False,/9xfDWXAUbFXQK585JvByT5pEAhe.jpg,"[16, 28, 12, 878]",569094,Spider-Man: Across the Spider-Verse,en,Spider-Man: Across the Spider-Verse,"After reuniting with Gwen Stacy, Brooklyn’s full-time, friendly neighborhood Spider-Man is catapulted across the Multiverse, where he encounters the Spider Society, a team of Spider-People charged with protecting the Multiverse's very existence. But when the heroes clash on how to handle a new threat, Miles finds himself pitted against the other Spiders and must set out on his own to save those he loves most.",32.8062,/8Vt6mWEReuy4Of61Lnj5Xj704m8.jpg,2023-05-31,False,False,8.337,8705
False,/tPpYGm2mVecue7Bk3gNVoSPA5qn.jpg,"[28, 12, 878]",315635,Spider-Man: Homecoming,en,Spider-Man: Homecoming,"Following the events of Captain America: Civil War, Peter Parker, with the help of his mentor Tony Stark, tries to balance his life as an ordinary high school student in Queens, New York City, with fighting crime as his superhero alter ego Spider-Man as a new threat, the Vulture, emerges.",30.4497,/c24sv2weTHPsmDa7jEMN0m2P3RT.jpg,2017-07-05,False,False,7.33,23252
False,/dZ8BVgAMxUpM9t5flLeQbtTX7Zq.jpg,"[18, 53, 28]",1372,Blood Diamond,en,Blood Diamond,"An ex-mercenary turned smuggler. A Mende fisherman. Amid the explosive civil war overtaking 1999 Sierra Leone, these men join for two desperate missions: recovering a rare pink diamond of immense value and rescuing the fisherman's son, conscripted as a child soldier into the brutal rebel forces ripping a swath of torture and bloodshed countrywide.",28.7163,/tnLxPpajkbVdbQl5B9CuD7sSpz9.jpg,2006-12-08,False,False,7.561,8362
False,/2okNnNRrFPZHwCqZg21kVn3uIsC.jpg,"[53, 27, 35]",1266127,Ready or Not: Here I Come,en,Ready or Not: Here I Come,"Moments after surviving an all-out attack from the Le Domas family, Grace discovers she’s reached the next level of the nightmarish game — and this time with her estranged sister Faith at her side. Grace has one chance to survive, keep her sister alive, and claim the High Seat of the Council that controls the world. Four rival families are hunting her for the throne, and whoever wins rules it all.",30.4866,/13ZcJzSGEqVgDSqsS9U5EkQwPkV.jpg,2026-03-19,False,False,7.694,1114
False,/nnmbJvYyDS1VkMOCbxSpdBi3WbJ.jpg,"[28, 18, 36]",1579,Apocalypto,en,Apocalypto,"Set in the Mayan civilization, when a man's idyllic presence is brutally disrupted by a violent invading force, he is taken on a perilous journey to a world ruled by fear and oppression where a harrowing end awaits him. Through a twist of fate and spurred by the power of his love for his woman and his family he will make a desperate break to return home and to ultimately save his way of life.",29.5213,/cRY25Q32kDNPFDkFkxAs6bgCq3L.jpg,2006-12-07,False,False,7.643,6447
False,/2eW8VlLXjUq4OKk8SYf5KTr91Kv.jpg,[35],4258,Scary Movie 5,en,Scary Movie 5,"Home with their newly-formed family, happy parents Dan and Jody are haunted by sinister, paranormal activities. Determined to expel the insidious force, they install security cameras and discover their family is being stalked by an evil dead demon.",25.7742,/vBqLLxE6GaAPhO6v9EFvFbLZ7Ap.jpg,2013-04-11,False,False,4.795,3070
False,/hofnlIyF6bePkgQOpcuRWLvzf15.jpg,"[16, 10751, 14]",14836,Coraline,en,Coraline,"Wandering her rambling old house in her boring new town, 11-year-old Coraline discovers a hidden door to a strangely idealized version of her life. In order to stay in the fantasy, she must make a frighteningly real sacrifice.",30.4836,/4jeFXQYytChdZYE9JYO7Un87IlW.jpg,2009-02-05,False,False,7.9,9070
False,/6ELCZlTA5lGUops70hKdB83WJxH.jpg,"[28, 14, 12]",460465,Mortal Kombat,en,Mortal Kombat,"Washed-up MMA fighter Cole Young, unaware of his heritage, and hunted by Emperor Shang Tsung's best warrior, Sub-Zero, seeks out and trains with Earth's greatest champions as he prepares to stand against the enemies of Outworld in a high stakes battle for the universe.",30.1522,/nkayOAUBUu4mMvyNf9iHSUiPjF1.jpg,2021-04-07,False,False,7.0,6831
False,/mVr0UiqyltcfqxbAUcLl9zWL8ah.jpg,"[878, 18]",335984,Blade Runner 2049,en,Blade Runner 2049,"Thirty years after the events of the first film, a new blade runner, LAPD Officer K, unearths a long-buried secret that has the potential to plunge what's left of society into chaos. K's discovery leads him on a quest to find Rick Deckard, a former LAPD blade runner who has been missing for 30 years.",31.1278,/gajva2L0rPYkEWjzgFlBXCAVBE5.jpg,2017-10-04,False,False,7.6,15227
False,,"[28, 80, 53]",755679,Fast Forever,en,Fast Forever,The eleventh and final installment in The Fast Saga. Plot TBA.,30.7845,/xaRzhQZ3zK5lN6vEetG8PD17KPF.jpg,2028-03-16,False,False,0.0,0
False,/b6HWTOxn1xevvyHU2K9ICvaRU6g.jpg,"[14, 18, 80]",497,The Green Mile,en,The Green Mile,"A supernatural tale set on death row in a Southern prison, where gentle giant John Coffey possesses the mysterious power to heal people's ailments. When the cell block's head guard, Paul Edgecomb, recognizes Coffey's miraculous gift, he tries desperately to help stave off the condemned man's execution.",30.7302,/8VG8fDNiy50H4FedGwdSVUPoaJe.jpg,1999-12-10,False,False,8.5,19366
False,/cz4vLJrmaV1zJlRYbxqtvLzeLWB.jpg,"[28, 35, 80, 9648]",1168190,The Wrecking Crew,en,The Wrecking Crew,"Estranged half-brothers Jonny and James reunite after their father's mysterious death. As they search for the truth, buried secrets reveal a conspiracy threatening to tear their family apart.",31.2997,/gbVwHl4YPSq6BcC92TQpe7qUTh6.jpg,2026-01-28,False,False,7.039,1094
False,/dzWGnIAjUafpmY57F6vnm44FwWB.jpg,"[18, 10751, 35]",1671548,Dear You,zh,给阿嬷的情书,"Xiaowei travels to Thailand to find his ""billionaire grandfather"" who is out of contact due to debt problems, but unexpectedly find the one who has been corresponding with his grandmother for years is not her husband.",29.5587,/rjmhzdVS3Ia535pFawju857e2Na.jpg,2026-04-30,False,False,9.177,31
False,/1PtqEQ8gu2U9DarYO0JkGX1DTZg.jpg,"[9648, 878]",1083884,Signal One,en,Signal One,"A computer scientist is invited by a tech billionaire to join his private facility on a Caribbean island to investigate extraterrestrial matter on Earth. When they make contact beyond our world, chaos erupts as we’re left to wonder: do they come in peace?",33.7133,/bi7Aeaozl51cd5K6vAn8tI1lOW0.jpg,2026-06-05,False,False,6.8,25
False,/zQ8AxTPiCiS5nnwXpwTBPBHSaa5.jpg,"[28, 878]",557,Spider-Man,en,Spider-Man,"After being bitten by a genetically altered spider at Oscorp, nerdy but endearing high school student Peter Parker is endowed with amazing powers to become the superhero known as Spider-Man.",31.3182,/kjdJntyBeEvqm9w97QGBdxPptzj.jpg,2002-05-01,False,False,7.332,20762
False,/1I6QPJ2s6lch1WYO54Cv2j2Y8Z4.jpg,[35],1217584,Torrente for President,es,Torrente Presidente,"Years have passed since his last adventure, but José Luis Torrente, the most politically incorrect former cop in Spain, still sees himself as a national hero.",57.0269,/yrDKwAdZRJjoQ9RZwzRGPpMC7U1.jpg,2026-03-13,False,False,6.18,50
False,/bVGHSe47W6oCQL1Q88pvRAet51A.jpg,"[18, 9648]",1330021,Remarkably Bright Creatures,en,Remarkably Bright Creatures,"Through unlikely bonds formed during night shifts at a local aquarium, Tova, an elderly widow, learns of a life-changing discovery that may bring her joy and wonder once again.",29.3859,/9HcEqn3D4J6b2Z0jK54id9nA0fr.jpg,2026-05-07,False,False,8.572,671
False,/q8Qlpmp2my1IZV9EVebzvhhJPmy.jpg,"[28, 10749, 53]",1220522,Dacoit,te,డెకాయిట్,"Betrayed by his better half, a man is convicted for a crime he didn't commit. Once free, he hunts her down in pursuit of vengeance, as their stories intertwine with a series of robberies.",29.4066,/lbrnJY7E0a9xxgj2cotNp6YI4dz.jpg,2026-04-10,False,False,6.6,5
False,/9gWrxuOJeArUbvnqrZALSjhPv9Y.jpg,"[36, 28, 12, 10752]",1207162,Rise of the Conqueror,en,Rise of the Conqueror,"In the 14th-century, as the Silk Road crumbles and rival factions tear the land apart, fearless warrior Timur emerges from exile. Stripped of everything, he fights to unite the fractured kingdoms, using strategy and sheer will to carve an empire from chaos. Undefeated in battle and widely regarded as one of history’s greatest military leaders and tacticians, not to mention one of its most brutal, Timur would found the Timurid Empire, which ruled over modern-day Afghanistan, Iran and Central Asia.",28.3979,/9cRE0DsM6CNIiY9Ah3cd8oc3n1Y.jpg,2026-04-09,False,False,6.176,17
False,/mMtUybQ6hL24FXo0F3Z4j2KG7kZ.jpg,"[16, 10749, 18]",372058,Your Name.,ja,君の名は。,"High schoolers Mitsuha and Taki are complete strangers living separate lives. But one night, they suddenly switch places. Mitsuha wakes up in Taki’s body, and he in hers. This bizarre occurrence continues to happen randomly, and the two must adjust their lives around each other.",31.0512,/q719jXXEzOoYaps6babgKnONONX.jpg,2016-07-01,False,False,8.481,12647
False,/kGzFbGhp99zva6oZODW5atUtnqi.jpg,"[18, 80]",240,The Godfather Part II,en,The Godfather Part II,"In the continuing saga of the Corleone crime family, a young Vito Corleone grows up in Sicily and in 1910s New York. In the 1950s, Michael Corleone attempts to expand the family business into Las Vegas, Hollywood and Cuba.",30.2293,/hek3koDUyRQk7FIhPXsa6mT2Zc3.jpg,1974-12-20,False,False,8.57,13999
False,/i8MupUe4xgmYXoRNAQMYvuoexSU.jpg,[27],1038392,The Conjuring: Last Rites,en,The Conjuring: Last Rites,Paranormal investigators Ed and Lorraine Warren take on one last terrifying case involving mysterious entities they must confront.,30.1831,/byWgphT74ClOVa8EOGzYDkl8DVL.jpg,2025-09-03,False,False,6.938,1914
False,/hHDNOlATHhre4eZ7aYz5cdyJLik.jpg,"[27, 53, 878]",1272837,28 Years Later: The Bone Temple,en,28 Years Later: The Bone Temple,Dr. Kelson finds himself in a shocking new relationship - with consequences that could change the world as they know it - and Spike's encounter with Jimmy Crystal becomes a nightmare he can't escape.,29.6511,/kK1BGkG3KAvWB0WMV1DfOx9yTMZ.jpg,2026-01-14,False,False,7.129,1334
